start_frame,end_frame,peak_frame,duration_s,peak_speed,peak_position_pct,accel_decel_ratio,decel_smoothness,endpoint_speed,overshoot,is_two_stage
11,26,14,0.2667,1033.91,20.0,0.265,3464.845,290.34,,False
44,61,46,0.3,1000.99,11.8,0.191,4491.36,306.12,,False
75,88,78,0.2333,1356.5,23.1,0.318,5528.845,284.14,,False
105,114,110,0.1667,654.98,55.6,1.355,1546.377,368.77,,False
131,139,135,0.15,679.32,50.0,0.966,2479.356,396.45,,False
221,229,224,0.15,1107.51,37.5,0.649,4803.325,433.84,,False
245,253,247,0.15,1109.11,25.0,0.354,5644.921,334.61,,False
267,272,269,0.1,552.18,40.0,0.641,3456.418,340.31,,False
288,306,293,0.3167,2494.33,27.8,0.496,7142.945,278.36,,False
321,343,323,0.3833,1181.22,9.1,0.214,4687.537,3.35,,False
384,394,387,0.1833,1140.03,30.0,0.448,3348.094,358.84,,False
411,418,413,0.1333,578.2,28.6,0.483,1308.685,277.06,,False
433,454,437,0.3667,1060.14,19.0,0.573,5121.671,83.31,,False
487,493,490,0.1167,542.41,50.0,0.95,2920.721,325.41,,False
508,522,513,0.25,1340.37,35.7,0.68,2585.934,295.96,,False
540,552,545,0.2167,2459.89,41.7,0.675,8343.747,434.85,,False
571,583,575,0.2167,1403.23,33.3,0.573,3427.573,295.32,,False
601,611,604,0.1833,809.08,30.0,0.548,2404.623,289.33,,False
629,640,633,0.2,1684.05,36.4,0.592,5181.674,396.42,,False
659,671,663,0.2167,1450.91,33.3,0.502,3377.613,363.68,,False
691,700,694,0.1667,796.93,33.3,0.59,991.121,323.52,,False
721,728,723,0.1333,891.56,28.6,0.411,5600.896,280.66,,False
745,759,750,0.25,2573.35,35.7,0.713,6509.548,302.84,,False
778,785,781,0.1333,635.5,42.9,0.898,1616.236,346.36,,False
802,810,805,0.15,897.23,37.5,0.686,2404.797,284.43,,False
824,834,827,0.1833,944.93,30.0,0.499,2675.895,301.23,,False
850,862,854,0.2167,2207.51,33.3,0.46,8297.491,373.27,,False
910,918,913,0.15,945.49,37.5,0.605,4103.735,426.75,,False
935,958,940,0.4,2946.23,21.7,0.543,8683.095,280.07,,False
976,985,979,0.1667,1049.21,33.3,0.599,4129.746,289.37,,False
1003,1020,1009,0.3,2728.8,35.3,0.796,6517.249,320.84,,False
1037,1049,1042,0.2167,1917.01,41.7,0.764,6948.82,346.24,,False
1075,1086,1081,0.2,2139.71,54.5,1.345,4895.649,456.94,,False
1105,1114,1109,0.1667,1006.31,44.4,0.77,5896.496,353.21,,False
1131,1147,1135,0.2833,2041.66,25.0,0.402,7906.648,302.26,,False
1163,1167,1166,0.0833,425.21,75.0,2.84,2555.637,354.68,,False
1225,1253,1232,0.4833,2479.18,25.0,0.432,11499.187,312.32,,False
1276,1286,1280,0.1833,1847.71,40.0,0.698,7445.351,358.66,,False
1305,1310,1307,0.1,584.27,40.0,0.738,2258.434,314.9,,False
1327,1336,1331,0.1667,1182.92,44.4,0.777,3850.052,394.79,,False
1352,1363,1355,0.2,1737.11,27.3,0.354,7168.55,324.45,,False
1378,1386,1382,0.15,976.65,50.0,0.958,5357.177,303.04,,False
1405,1426,1411,0.3667,2122.53,28.6,1.072,9049.646,341.4,,False
1440,1451,1444,0.2,967.02,36.4,0.592,3475.406,292.4,,False
1467,1476,1471,0.1667,1547.56,44.4,0.811,6439.727,298.84,,False
1490,1503,1496,0.2333,1418.19,46.2,1.006,5761.932,353.3,,False
1519,1532,1525,0.2333,1412.67,46.2,0.949,4814.809,409.27,,False
1550,1564,1556,0.25,2866.5,42.9,1.041,6708.456,338.68,,False
1585,1598,1590,0.2333,1483.74,38.5,0.549,8047.505,310.19,,False
1615,1627,1622,0.2167,1575.8,58.3,1.763,5178.717,364.14,,False
1648,1655,1651,0.1333,602.74,42.9,0.809,2784.188,280.06,,False
1670,1678,1673,0.15,737.83,37.5,0.704,1873.97,336.94,,False
1696,1706,1700,0.1833,1175.72,40.0,0.74,4858.442,315.08,,False
1747,1751,1749,0.0833,572.24,50.0,1.1,2239.131,381.15,,False
1768,1776,1771,0.15,817.8,37.5,0.541,3669.054,392.53,,False
1794,1800,1798,0.1167,678.51,66.7,2.102,3530.938,360.12,,False
1818,1827,1823,0.1667,1507.51,55.6,1.478,5399.891,386.86,,False
1842,1854,1846,0.2167,2230.36,33.3,0.624,5131.615,381.81,,False
1868,1887,1870,0.3333,825.79,10.5,0.248,4527.093,317.72,,False
1985,1998,1989,0.2333,3075.37,30.8,0.54,7812.75,323.97,,False
2020,2028,2022,0.15,956.36,25.0,0.363,4883.645,334.98,,False
2043,2052,2047,0.1667,1079.9,44.4,0.79,4711.857,369.14,,False
2071,2078,2075,0.1333,488.93,57.1,1.32,1687.461,280.64,,False
2096,2101,2098,0.1,1026.07,40.0,0.681,7593.407,477.51,,False
2119,2141,2121,0.3833,837.74,9.1,0.327,4665.751,-3.33,,False
2214,2231,2219,0.3,908.57,29.4,0.72,4126.671,275.4,,False
2252,2266,2257,0.25,2055.82,35.7,0.577,7292.567,487.24,,False
2291,2303,2295,0.2167,2760.88,33.3,0.428,12142.339,339.33,,False
2340,2355,2346,0.2667,1865.41,40.0,0.74,4905.897,308.57,,False
2384,2406,2390,0.3833,2029.97,27.3,0.502,8811.639,277.6,,False
2430,2444,2434,0.25,1359.91,28.6,0.52,3497.298,291.17,,False
2468,2485,2472,0.3,1960.63,23.5,0.488,4999.882,280.14,,False
2504,2515,2507,0.2,1025.65,27.3,0.415,3313.784,297.29,,False
2532,2541,2535,0.1667,1187.02,33.3,0.535,4031.896,457.79,,False
2560,2569,2563,0.1667,1575.3,33.3,0.445,7052.29,458.9,,False
2589,2608,2602,0.3333,1285.6,68.4,1.245,2883.355,303.58,,False
2628,2637,2632,0.1667,1849.73,44.4,0.845,5532.074,446.6,,False
2655,2676,2662,0.3667,2549.9,33.3,1.144,10501.157,285.21,,False
2693,2706,2698,0.2333,1980.75,38.5,0.657,6127.507,318.85,,False
2755,2767,2760,0.2167,1367.13,41.7,0.657,3502.58,416.05,,False
2783,2811,2787,0.4833,2188.11,14.3,0.517,8479.132,12.5,,False
2856,2864,2860,0.15,475.15,50.0,1.104,2141.228,280.65,,False
2880,2890,2884,0.1833,991.24,40.0,0.727,2322.945,287.4,,False
2922,2931,2925,0.1667,1455.43,33.3,0.507,4782.696,425.16,,False
2952,2962,2957,0.1833,1151.02,50.0,0.981,4715.184,447.01,,False
2985,2998,2991,0.2333,3027.98,46.2,1.282,12202.291,319.58,,False
3017,3041,3023,0.4167,2505.76,25.0,0.751,8693.033,296.83,,False
3060,3069,3064,0.1667,875.71,44.4,0.899,2525.022,332.24,,False
3092,3104,3096,0.2167,3619.28,33.3,0.539,13414.686,331.84,,False
3130,3137,3133,0.1333,744.0,42.9,0.695,5080.901,416.08,,False
3156,3167,3160,0.2,2139.79,36.4,0.762,7693.681,362.49,,False
3184,3193,3189,0.1667,1424.96,55.6,1.423,5273.677,384.26,,False
3214,3226,3219,0.2167,1286.09,41.7,0.924,4102.032,279.43,,False
3244,3254,3247,0.1833,1061.0,30.0,0.464,4823.407,350.13,,False
3271,3279,3274,0.15,1223.12,37.5,0.518,7255.209,561.48,,False
3297,3305,3301,0.15,1071.64,50.0,1.258,4000.533,303.07,,False
3323,3341,3326,0.3167,1747.6,16.7,0.333,7673.713,282.14,,False
3357,3361,3360,0.0833,367.43,75.0,2.792,2343.434,321.27,,False
3374,3387,3379,0.2333,1778.73,38.5,0.726,5623.909,329.46,,False
3413,3424,3417,0.2,2337.62,36.4,0.526,9404.538,365.57,,False
3440,3454,3444,0.25,1452.19,28.6,0.716,6613.777,302.54,,False
3470,3481,3474,0.2,2075.75,36.4,0.487,8882.743,553.26,,False
3502,3516,3505,0.25,1106.84,21.4,0.334,2512.318,290.88,,False
3534,3545,3538,0.2,1017.78,36.4,0.522,3776.217,289.23,,False
3559,3571,3563,0.2167,1629.98,33.3,0.647,5168.271,307.58,,False
3589,3595,3593,0.1167,1659.81,66.7,1.81,18810.789,946.26,,False
